cohort_month,cohort_size,period_index,retained_customers,retention_rate_pct
2016-09-01,1,0,1,100.000000000000
2016-10-01,250,0,250,100.000000000000
2017-01-01,661,0,661,100.000000000000
2017-02-01,1559,0,1559,100.000000000000
2017-03-01,2378,0,2378,100.000000000000
2017-04-01,2150,0,2150,100.000000000000
2017-05-01,3260,0,3260,100.000000000000
2017-06-01,2866,0,2866,100.000000000000
2017-07-01,3568,0,3568,100.000000000000
2017-08-01,3858,0,3858,100.000000000000
2017-09-01,3815,0,3815,100.000000000000
2017-10-01,4158,0,4158,100.000000000000
2017-11-01,6828,0,6828,100.000000000000
2017-12-01,5191,0,5191,100.000000000000
2018-01-01,6621,0,6621,100.000000000000
2018-02-01,6045,0,6045,100.000000000000
2018-03-01,6603,0,6603,100.000000000000
2018-04-01,6443,0,6443,100.000000000000
2018-05-01,6390,0,6390,100.000000000000
2018-06-01,5801,0,5801,100.000000000000
2018-07-01,5841,0,5841,100.000000000000
2018-08-01,6092,0,6092,100.000000000000
